sector,area,price,feature
sector 51,4,1.1,Basic
sector 22b,5,0.9,Basic
sector 23a,6,0.03,Basic
sector 67,6,0.75,Premium
sector 70a,6,0.47,Premium
sector 67,6,0.72,Standard
sector 67,7,0.12,Basic
sector 67,7,0.16,Standard
sector 67,7,0.12,Standard
sector 3,8,0.8,Basic
sector 66,9,0.25,Basic
sector 67,9,0.23,Basic
sohna road,9,0.15,Basic
sector 45,9,2.0,Basic
sector 52,9,1.6,Premium
sector 85,9,1.35,Premium
sector 69,9,0.75,Standard
sector 57,9,2.25,Premium
sector 42,9,2.25,Premium
sohna road,9,0.17,Premium
sector 66,9,0.15,Premium
sohna road,9,0.18,Premium
sector 67,9,0.15,Standard
sector 105,9,0.6,Basic
sector 95b,9,0.13,Basic
sector 110 a,10,1.64,Basic
sector 78,11,1.2,Premium
sector 11,11,0.15,Standard
sector 99a,11,1.06,Premium
sector 78,11,1.26,Basic
sector 88a,11,1.38,Basic
sector 99a,11,1.09,Basic
sector 95,11,0.9,Basic
sector 106,11,1.35,Basic
sector 112,12,1.72,Premium
sohna road,12,0.89,Premium
sector 112,12,1.72,Premium
sector 99a,12,1.25,Basic
sector 35,12,0.9,Premium
sector 95,14,1.3,Basic
sector 43,14,3.1,Basic
sector 95,14,1.25,Premium
sector 78,14,1.67,Basic
sector 23,14,2.58,Standard
sector 10,15,2.7,Basic
sohna road,15,0.6,Standard
sector 43,15,3.19,Basic
sohna road,15,0.24,Premium
sector 110,15,0.7,Basic
sector 70a,16,2.5,Basic
sector 35 sohna,16,1.97,Premium
sector 88a,16,1.72,Premium
sector 93,17,2.23,Basic
sector 99a,17,1.98,Basic
sector 14,17,0.68,Basic
pataudi,17,0.9,Basic
sector 108,17,2.5,Premium
sector 78,17,2.05,Premium
sector 88b,17,1.86,Premium
sector 108,17,2.3,Basic
sector 102,17,2.95,Standard
sector 70a,17,3.13,Premium
sector 108,17,2.53,Premium
sector 88b,17,1.65,Premium
sector 88,17,2.07,Premium
sector 88a,17,2.0,Standard
sohna road,17,0.32,Standard
sector 33 sohna,17,2.34,Premium
sector 88,17,1.96,Premium
sohna road,17,1.33,Premium
sector 108,17,2.26,Basic
sector 33 sohna,17,3.5,Basic
sector 89,18,3.13,Standard
sector 108,18,2.35,Basic
sector 71,18,0.5,Basic
sector 33 sohna,19,2.18,Basic
sector 45,19,3.8,Premium
sector 108,19,2.4,Premium
sector 57,19,3.8,Premium
sector 88a,19,2.87,Standard
sector 43,20,4.9,Standard
sector 49,20,4.8,Premium
farukhnagar,22,0.38,Premium
sector 102,22,3.6,Standard
sector 83,22,3.24,Standard
sector 53,23,4.0,Basic
sector 67,23,7.0,Basic
sector 22,23,1.0,Basic
sohna road,23,1.1,Basic
sector 108,23,3.0,Premium
sector 33 sohna,23,2.54,Basic
sector 33 sohna,23,3.7,Premium
sector 11,23,0.26,Premium
sector 99,23,3.65,Standard
sector 45,24,4.26,Basic
sector 22,25,0.18,Basic
sector 63,25,4.6,Premium
sector 63a,25,4.24,Premium
sector 2,25,3.92,Basic
sector 26,25,6.5,Premium
sector 88,25,2.97,Premium
sector 88a,25,2.9,Standard
sector 49,25,4.86,Premium
sector 37d,25,3.33,Basic
sector 89,28,4.0,Basic
sector 57,28,4.5,Basic
sector 102,28,4.2,Premium
sector 43,28,7.5,Standard
sector 89,28,3.0,Premium
sector 43,28,7.75,Premium
sector 33 sohna,28,4.3,Premium
sector 102,29,3.75,Basic
sector 5,32,4.0,Premium
sector 91,33,4.09,Basic
sector 22,42,0.9,Basic
sector 2 sohna,42,0.07,Basic
sector 105,42,0.23,Basic
sector 99,42,0.12,Basic
sector 67,42,0.07,Standard
sector 102,42,7.25,Standard
sector 73,42,9.5,Premium
sector 33,42,0.17,Premium
sector 67,42,0.07,Basic
sector 33,42,0.04,Basic
sector 12,42,0.04,Basic
sector 25,43,13.0,Standard
sector 102,44,6.11,Premium
sector 73,46,9.0,Basic
sector 88b,46,4.0,Premium
sector 26,46,10.0,Premium
sector 24,47,8.5,Standard
sector 60,48,11.1,Premium
sector 38,50,1.25,Basic
sector 24,50,1.4,Basic
sector 11,50,0.38,Basic
sector 57,50,1.5,Basic
sector 17,50,0.23,Basic
sector 42,50,1.33,Basic
sector 68,50,0.04,Basic
sector 47,50,1.4,Basic
sector 50,50,1.6,Standard
sector 24,50,1.25,Basic
sector 10a,50,0.43,Basic
sector 55,50,1.2,Basic
sector 43,50,1.25,Premium
sector 42,50,1.2,Premium
sector 40,50,1.05,Standard
sector 43,50,1.2,Standard
sector 49,50,1.75,Premium
sector 43,50,1.3,Premium
sector 43,50,1.25,Basic
sector 43,50,1.2,Premium
sector 55,50,1.15,Premium
sector 24,50,1.15,Premium
sector 24,50,1.25,Premium
sector 28,50,1.2,Premium
sector 26,50,1.0,Premium
sector 43,50,1.25,Standard
sector 43,50,1.43,Premium
sector 73,50,10.76,Premium
sector 49,50,1.5,Standard
sector 48,50,0.85,Premium
sector 43,50,1.45,Standard
sector 42,50,1.2,Standard
sector 43,50,1.1,Premium
sector 49,50,1.1,Premium
sector 48,50,0.81,Premium
sector 49,50,1.07,Premium
sector 55,50,0.96,Premium
sohna road,50,0.35,Premium
sector 22b,51,0.9,Basic
sector 113,51,2.77,Premium
sector 43,51,1.25,Standard
sector 2,51,7.0,Basic
sector 68,52,0.08,Standard
sector 24,52,10.5,Premium
sector 46,52,1.35,Premium
sector 38,52,1.15,Standard
sector 42,52,1.25,Standard
sohna road,54,0.3,Basic
sector 56,54,1.3,Basic
sector 43,55,1.21,Standard
sector 67,59,0.13,Standard
sector 99,60,6.78,Standard
sector 11,60,0.1,Premium
sector 7,63,1.1,Basic
sector 67,63,0.11,Standard
sector 49,63,1.05,Premium
sohna road,64,0.46,Basic
sector 81a,65,0.35,Standard
sohna road,65,0.39,Basic
sector 42,65,1.7,Basic
sohna road,65,0.24,Premium
sector 38,66,1.4,Basic
sector 67,66,0.26,Standard
sector 52,66,1.2,Standard
sector 105,67,0.47,Basic
sector 23a,67,0.29,Basic
sector 66,67,0.26,Standard
sector 42,67,1.6,Premium
sector 42,67,1.58,Premium
sector 42,67,1.8,Standard
sector 67a,67,0.14,Standard
sector 67,67,0.12,Basic
sector 67,67,0.12,Standard
sector 56,68,1.8,Basic
sector 42,69,1.75,Basic
sector 35 sohna,69,0.54,Premium
sector 55,70,3.0,Basic
sector 42,70,1.6,Premium
sector 42,71,1.9,Basic
sector 4,71,0.54,Basic
sector 50,72,12.5,Premium
sohna road,73,0.6,Standard
sohna road,73,0.53,Standard
sohna road,75,0.3,Basic
sohna road,75,0.5,Premium
sector 88b,75,0.9,Premium
sohna road,75,0.27,Premium
sector 67,75,0.16,Standard
sector 110,76,0.41,Basic
sector 7,81,0.75,Standard
sohna road,81,0.33,Standard
sector 52,82,1.6,Basic
sector 95a,82,0.76,Basic
farukhnagar,83,0.25,Basic
sector 2,84,0.46,Basic
sector 9,84,1.0,Basic
sector 40,84,1.82,Basic
sohna road,84,0.16,Basic
sohna road,84,0.09,Standard
sector 105,84,0.47,Basic
sector 43,84,3.1,Basic
sector 40,84,1.9,Basic
sector 69,84,0.6,Basic
sultanpur,84,0.1,Basic
sector 11,84,1.1,Standard
sector 17a,84,1.47,Premium
sector 5,84,1.28,Standard
sector 68,84,0.25,Basic
sector 67,84,0.22,Basic
sector 11,84,0.21,Basic
farukhnagar,84,0.25,Basic
sector 67,84,0.16,Basic
sector 47,84,2.0,Basic
sector 46,84,2.1,Basic
sector 57,84,1.6,Premium
sector 47,84,1.85,Standard
sector 67,84,0.3,Standard
sector 67,84,0.17,Standard
sector 67,84,0.15,Standard
sector 67,84,0.15,Standard
sohna road,84,0.3,Premium
sector 95,84,0.9,Premium
sector 95,84,0.99,Premium
sector 42,84,2.25,Premium
sector 46,84,1.95,Standard
sector 40,84,1.8,Premium
sector 33,84,0.55,Premium
sector 66,84,0.32,Premium
sohna road,84,0.33,Premium
sector 52,84,1.65,Standard
sector 78,84,1.25,Standard
sector 93,84,0.87,Basic
sector 45,84,1.8,Premium
sector 52,84,1.48,Premium
sector 40,84,1.65,Premium
sector 45,84,1.81,Premium
sector 67,84,0.28,Basic
sector 42,84,2.15,Premium
sector 42,84,2.3,Standard
sector 33,84,0.18,Standard
sector 51,84,1.8,Premium
sector 95,84,0.85,Basic
sector 95,84,0.8,Basic
sector 27,84,2.3,Premium
sector 33,84,0.33,Premium
sohna road,84,0.31,Standard
sector 42,84,2.35,Premium
sector 43,84,2.4,Premium
sector 27,84,2.5,Premium
sector 27,84,2.45,Premium
sector 40,84,2.1,Premium
sector 2,84,0.25,Standard
sector 23,84,1.6,Standard
sector 41,84,1.8,Premium
sohna road,84,0.55,Premium
sector 5 sohna,84,0.7,Standard
sector 2,84,0.5,Basic
sector 11,84,0.18,Premium
sohna road,84,0.18,Premium
sector 11,84,0.17,Premium
sector 11,84,0.15,Standard
sector 67,84,0.15,Basic
sector 67,84,0.31,Basic
sector 75,84,0.3,Basic
sector 42,84,2.1,Standard
sector 7,84,1.3,Premium
sector 7,84,1.35,Premium
sector 57,84,1.8,Premium
sector 52,84,2.1,Standard
sector 5,84,1.47,Standard
sector 2,84,0.6,Basic
sector 33 sohna,84,0.09,Standard
sohna road,85,0.6,Standard
sector 33,85,0.55,Premium
sohna road,85,0.93,Premium
sector 46,85,1.85,Standard
sector 46,86,2.1,Premium
sector 22,87,0.42,Basic
sector 43,87,2.28,Premium
pataudi,87,0.5,Standard
sohna road,87,0.81,Premium
sector 22,89,0.8,Standard
farukhnagar,89,0.4,Basic
sector 110 a,89,1.6,Basic
sector 110 a,90,1.8,Standard
sector 35 sohna,90,0.66,Premium
sohna road,90,1.05,Basic
sector 51,90,1.85,Premium
sector 35 sohna,90,0.65,Premium
sector 35 sohna,90,0.65,Premium
sector 2 sohna,90,0.63,Premium
sector 35 sohna,90,0.72,Premium
sector 35 sohna,90,0.6,Premium
pataudi,92,0.65,Basic
sector 40,92,2.4,Basic
sector 51,92,1.6,Basic
sector 99a,92,1.21,Standard
sector 93,92,0.96,Basic
sector 45,92,2.2,Standard
sector 45,92,2.2,Basic
sector 40,92,2.1,Standard
sector 12,93,0.8,Basic
sector 66,93,0.35,Standard
sohna road,94,0.75,Standard
sector 99a,94,1.13,Premium
sector 99a,94,0.96,Basic
sector 99a,94,1.02,Basic
sector 88b,94,1.2,Premium
sector 88b,94,1.3,Premium
sector 99a,94,1.24,Basic
sector 88b,94,1.24,Premium
sector 99a,95,1.13,Premium
sector 78,96,1.35,Premium
sector 78,96,1.5,Premium
sector 93,96,1.0,Basic
sohna road,96,0.36,Premium
sector 82a,96,1.55,Standard
sector 95,96,0.92,Basic
sector 88b,96,1.15,Basic
sector 99a,96,0.98,Basic
sector 78,96,1.26,Basic
sector 99a,96,1.15,Premium
sector 102,96,1.61,Premium
sector 22,98,0.42,Basic
sector 47,98,19.5,Premium
sector 82,98,1.4,Standard
sector 106,98,1.28,Standard
sector 99a,98,1.17,Premium
sector 88a,98,1.17,Premium
sector 2,98,0.93,Standard
sector 88a,98,1.16,Premium
sector 95b,99,0.3,Basic
sector 68,99,0.39,Standard
sector 102,99,1.75,Premium
sector 102,99,1.71,Premium
sohna road,99,0.89,Premium
sector 106,100,1.21,Basic
sector 106,100,1.2,Premium
sector 82a,100,1.5,Basic
sector 5 sohna,100,0.66,Premium
sector 85,100,1.75,Premium
sector 5 sohna,100,0.66,Premium
sector 95b,100,0.18,Basic
sector 67,100,0.2,Premium
sector 88b,100,1.32,Standard
sector 93,100,1.44,Premium
sector 95a,100,0.9,Premium
sector 95,100,0.96,Premium
sector 95,100,1.1,Basic
sector 95a,100,0.77,Basic
sector 95a,100,0.82,Premium
sector 95,100,1.11,Premium
sector 93,100,1.0,Premium
sector 78,100,1.34,Premium
sector 95a,100,1.65,Premium
sector 83,100,1.8,Premium
sohna road,100,0.65,Premium
sector 112,100,1.56,Premium
sector 11,100,0.15,Premium
sector 99a,100,1.06,Premium
sector 95a,101,0.95,Premium
sector 95,101,0.98,Basic
sector 95a,101,0.85,Basic
sohna road,102,0.62,Premium
sector 99a,102,1.04,Basic
sector 95,102,0.98,Basic
sohna road,103,1.05,Basic
sohna road,103,1.17,Standard
sector 99a,103,1.04,Premium
sohna road,104,0.74,Basic
sector 5 sohna,104,0.68,Premium
sector 35 sohna,104,1.04,Premium
sector 102,104,1.76,Premium
sector 56,105,2.8,Basic
sector 69,105,1.1,Basic
sector 93,105,1.63,Basic
sohna road,105,0.51,Basic
sector 17a,105,0.31,Basic
sector 7,105,1.25,Basic
sector 4,105,0.85,Premium
sohna road,105,1.13,Standard
sohna road,105,0.95,Premium
sector 95,105,0.94,Basic
sector 112,105,1.88,Premium
sohna road,105,1.13,Premium
sector 112,105,1.88,Standard
sector 56,105,2.48,Standard
sector 56,105,2.6,Standard
sector 56,105,2.55,Premium
sector 99a,105,1.13,Premium
pataudi,105,0.15,Basic
sohna road,106,0.72,Premium
sohna road,107,1.09,Premium
sector 35 sohna,107,0.95,Premium
sohna road,107,0.96,Premium
sector 5 sohna,107,0.7,Premium
sector 35 sohna,107,0.96,Standard
sector 99a,107,1.13,Premium
sector 67,107,0.22,Premium
sector 35 sohna,107,0.87,Premium
sohna road,107,0.9,Premium
sector 88a,107,1.28,Premium
sector 35 sohna,107,0.96,Premium
sector 95,108,1.15,Premium
sector 112,108,1.7,Basic
sector 112,108,1.68,Premium
sohna road,109,0.97,Premium
sector 112,109,1.69,Standard
sector 88b,109,1.25,Premium
sector 88b,109,1.26,Premium
sector 95,109,1.04,Basic
sector 106,109,1.29,Standard
sector 102,109,1.82,Premium
sector 70a,110,1.9,Premium
sector 70a,110,1.76,Premium
sector 70a,110,1.8,Premium
sector 70a,110,1.35,Premium
sector 78,110,1.7,Premium
sector 70a,110,1.7,Premium
sohna road,110,0.82,Standard
sohna road,110,0.22,Premium
sector 70a,110,1.75,Premium
sector 78,110,1.32,Basic
sector 99a,110,1.12,Basic
sector 88a,110,1.58,Basic
sector 112,110,1.7,Premium
sector 70a,110,1.57,Premium
sector 70a,110,1.78,Premium
sohna road,111,1.0,Premium
sector 2 sohna,111,0.07,Premium
sohna road,111,0.67,Premium
sector 26,111,0.6,Basic
sector 102,113,1.92,Premium
sector 112,113,1.75,Premium
sector 102,113,1.96,Premium
sector 99a,113,1.19,Premium
sohna road,114,1.16,Basic
sector 70a,114,1.73,Premium
sohna road,114,1.02,Premium
sector 35,114,0.95,Premium
farukhnagar,115,0.63,Basic
sector 102,115,1.93,Basic
sector 88a,115,1.37,Premium
sector 112,115,1.79,Premium
sector 88a,115,1.45,Premium
sector 93,115,1.63,Premium
sector 112,115,1.86,Premium
sector 35 sohna,115,1.03,Premium
farukhnagar,115,0.63,Premium
sector 35,117,1.4,Basic
sector 102,117,1.82,Basic
sector 105,117,1.5,Basic
sector 93,117,1.08,Standard
sector 112,117,1.82,Standard
sector 102,117,2.0,Premium
sector 85,117,1.75,Premium
sector 35 sohna,117,0.98,Premium
sector 85,117,1.82,Standard
sector 85,117,1.9,Standard
sector 88a,117,1.48,Premium
sector 85,117,1.9,Premium
sohna road,118,0.78,Premium
sector 102,118,1.99,Premium
sector 82a,118,1.8,Premium
sector 70a,118,2.01,Premium
sector 4 sohna,119,0.78,Premium
sector 78,119,1.85,Premium
sector 99a,119,1.25,Premium
sohna road,120,1.22,Basic
sohna road,120,1.38,Premium
sohna road,120,1.32,Premium
sector 93,120,1.72,Standard
sohna road,120,1.36,Premium
sector 36 sohna,120,1.15,Premium
sector 85,121,1.89,Standard
sohna road,121,1.25,Premium
sector 102,121,2.03,Premium
sector 35 sohna,122,1.32,Premium
sector 23,123,2.57,Standard
sector 99a,123,1.23,Standard
sector 99a,123,1.25,Basic
sector 99a,123,1.32,Standard
sector 45,124,3.35,Basic
sohna road,124,0.8,Basic
sector 88a,124,1.47,Premium
sector 78,124,1.92,Basic
farukhnagar,125,0.18,Basic
sector 85,125,1.43,Premium
sector 95,125,1.35,Basic
sector 66,125,1.2,Premium
sector 35,125,1.47,Basic
sector 99a,125,1.57,Premium
sector 3,125,0.8,Standard
sector 5 sohna,125,0.8,Premium
sector 2,125,0.75,Basic
sector 5 sohna,125,0.82,Standard
sector 67,125,0.24,Standard
sector 73,125,2.34,Standard
sector 88b,125,1.43,Premium
sector 25,125,3.85,Premium
sector 83,125,1.73,Premium
sector 83,125,1.63,Premium
sector 70a,125,3.65,Premium
sector 95,125,1.2,Premium
sohna road,125,1.5,Premium
sector 93,125,1.27,Premium
sector 78,125,1.95,Premium
sector 82,125,1.8,Standard
sector 70a,125,2.63,Premium
sector 88a,125,1.65,Premium
sector 88a,125,1.67,Premium
sohna road,125,1.44,Premium
sector 24,125,4.5,Premium
sector 95,125,1.02,Basic
sector 82a,125,1.8,Premium
sector 95,125,1.27,Premium
sector 78,125,1.68,Premium
sector 3,125,0.5,Premium
sector 70a,125,1.97,Premium
sector 93,125,1.72,Basic
sector 25,125,4.5,Basic
sector 26,125,3.8,Premium
sector 35 sohna,125,1.2,Premium
sector 88a,125,1.57,Premium
sector 11,125,0.16,Premium
sector 88a,125,1.57,Premium
sector 67,125,0.45,Standard
sector 99a,125,1.32,Premium
sector 57,125,2.6,Premium
sector 25,126,4.0,Premium
sohna road,126,1.28,Premium
sector 99a,126,1.59,Premium
sector 88a,126,1.67,Standard
sector 83,127,1.75,Premium
sector 83,127,1.74,Standard
sector 78,127,1.98,Premium
sector 99a,127,1.5,Premium
sector 99a,127,1.49,Premium
sohna road,127,0.27,Premium
sector 102,128,2.58,Premium
sohna road,128,1.22,Premium
sector 95,128,1.38,Premium
sector 70,129,1.91,Standard
sector 99a,129,1.61,Premium
sohna road,130,0.5,Basic
sector 102,130,2.32,Basic
sector 95,130,1.32,Basic
sector 83,130,1.86,Standard
sector 5 sohna,130,0.94,Premium
sector 102,130,2.31,Premium
sector 99a,130,1.55,Premium
sector 70a,130,2.26,Premium
sector 83,130,1.86,Standard
sector 95,130,1.24,Premium
sector 95,130,1.25,Premium
sector 99a,130,1.71,Premium
sector 95,130,1.24,Premium
sector 112,130,2.03,Premium
sector 95,130,1.4,Premium
sohna road,131,1.5,Basic
sector 95,131,1.1,Premium
sector 5 sohna,131,0.94,Premium
sohna road,132,1.2,Premium
sector 7,134,1.6,Basic
sector 95b,134,0.27,Basic
sector 95b,134,0.56,Basic
sector 9,134,2.1,Basic
sector 67a,134,0.28,Premium
sector 110a,134,1.12,Basic
sector 89,134,1.5,Premium
sector 83,134,1.92,Premium
sector 88b,134,1.68,Premium
sector 67,134,0.27,Premium
sector 54,134,4.3,Premium
sector 102,134,2.24,Premium
sohna road,134,0.88,Premium
sector 47,134,2.8,Premium
sector 47,134,2.84,Premium
sector 102,134,2.16,Premium
sector 9a,134,2.08,Basic
sector 23a,135,2.6,Standard
sector 42,135,3.25,Basic
sector 57,135,3.0,Basic
sector 99a,135,2.0,Basic
sector 57,135,2.82,Basic
sector 42,135,3.19,Basic
sector 45,135,2.9,Premium
sector 57,135,2.51,Premium
sector 99a,135,1.6,Premium
sector 99a,135,1.7,Premium
sector 46,135,2.67,Standard
sector 42,135,3.8,Standard
sector 43,135,3.99,Premium
sector 46,135,2.7,Standard
sector 38,135,2.4,Standard
sector 52,135,2.19,Basic
sector 46,135,2.8,Standard
sector 43,135,3.62,Standard
sector 23a,135,2.3,Standard
sector 42,135,3.47,Premium
sector 47,135,3.1,Premium
sector 99a,135,2.02,Standard
sector 45,135,2.74,Standard
sector 4,135,2.25,Basic
sector 27,135,3.5,Premium
sector 46,135,3.1,Premium
sector 46,135,3.2,Standard
sector 38,135,2.9,Standard
sector 40,135,3.0,Standard
sector 99a,135,1.42,Premium
sector 57,135,2.2,Basic
sector 46,135,3.1,Standard
sector 46,135,2.96,Premium
sector 46,135,3.22,Standard
sector 56,135,2.8,Premium
sector 45,135,3.2,Basic
sector 23,135,2.3,Standard
sector 52,135,2.08,Standard
sector 57,135,2.75,Standard
sector 10,135,2.1,Basic
sohna road,135,1.21,Premium
sector 47,135,2.83,Premium
sector 38,135,2.75,Premium
sector 42,135,3.04,Premium
sector 22,135,2.6,Standard
sector 23,135,2.55,Standard
sector 45,135,3.2,Standard
sector 70a,135,3.24,Premium
sector 42,136,3.0,Basic
sector 28,136,2.58,Basic
sector 42,136,2.99,Premium
sector 23,136,2.5,Premium
sector 43,136,3.5,Premium
sector 51,136,2.35,Premium
sector 93,136,1.79,Premium
sector 24,136,3.4,Premium
sector 35 sohna,137,1.32,Premium
sector 82a,138,1.98,Standard
sector 88b,138,1.57,Premium
sector 88b,138,1.53,Standard
sector 88b,138,1.9,Premium
sector 35,138,1.24,Premium
sector 35 sohna,138,1.4,Premium
sector 99a,138,1.45,Premium
sector 35 sohna,139,1.04,Premium
sector 35 sohna,140,1.1,Basic
sector 5,140,2.45,Standard
sector 57,140,2.35,Premium
sector 5,140,2.25,Basic
sector 99a,140,1.84,Premium
sector 95,140,1.26,Basic
sohna road,140,1.6,Premium
sector 3,140,0.58,Basic
sector 35 sohna,140,1.01,Premium
sector 35 sohna,141,1.27,Premium
farukhnagar,141,0.29,Standard
sector 4 sohna,142,1.3,Basic
sector 11,142,0.37,Basic
sector 71,142,2.26,Standard
sector 93,142,1.61,Premium
sector 47,142,3.05,Standard
sector 43,142,3.9,Premium
sector 112,142,2.21,Premium
sector 73,142,2.3,Standard
sector 46,143,2.0,Basic
sector 99a,143,1.46,Standard
sector 51,143,2.7,Standard
sector 43,144,3.9,Basic
sector 51,144,2.7,Standard
sector 46,144,3.21,Standard
sector 55,144,2.75,Standard
sector 2,145,2.95,Basic
sohna road,145,0.65,Premium
sohna road,145,0.65,Standard
sector 79,145,2.09,Premium
sector 70a,145,2.61,Premium
sector 2,145,2.39,Standard
sector 73,145,2.27,Premium
sector 2,145,2.35,Basic
sector 73,145,2.16,Premium
sector 112,145,2.25,Premium
sector 2,145,2.15,Basic
sector 88a,145,1.73,Premium
sohna road,146,0.75,Basic
sector 79,146,2.1,Premium
sector 73,146,2.36,Standard
sector 55,146,2.59,Premium
sector 82a,146,21.0,Standard
sector 99a,146,1.93,Basic
sector 55,146,3.4,Premium
sector 102,146,2.36,Premium
sector 58,147,2.11,Premium
sector 73,147,2.2,Premium
sector 95b,148,0.8,Basic
sector 51,148,4.0,Basic
sector 45,148,3.2,Basic
sector 58,148,2.12,Premium
sector 102,148,2.6,Premium
sector 36 sohna,149,1.78,Basic
sector 95,149,1.6,Premium
sector 95,149,1.46,Standard
sector 88b,149,1.65,Premium
sector 35 sohna,149,2.1,Premium
sector 70a,149,2.6,Premium
sector 95,149,1.33,Basic
sector 88b,149,1.87,Premium
sector 88b,149,1.88,Premium
sector 102,149,2.64,Premium
sector 88b,149,2.05,Standard
sector 88b,149,1.96,Premium
sector 88b,150,1.8,Basic
sector 99,150,2.3,Basic
sector 35 sohna,150,1.2,Basic
farukhnagar,150,0.88,Basic
sector 95,150,1.22,Basic
sohna road,150,1.08,Basic
sector 99a,150,1.5,Standard
sector 78,150,1.97,Basic
sector 33 sohna,150,2.77,Premium
sector 5 sohna,150,0.98,Premium
sector 78,150,2.33,Premium
sector 83,150,1.96,Premium
sector 99a,150,2.05,Premium
sector 95,150,1.43,Premium
sector 35,150,1.25,Premium
sector 35 sohna,150,1.34,Premium
sector 63a,150,3.0,Premium
sector 35 sohna,150,1.25,Premium
sector 99a,150,1.58,Premium
sector 49,150,4.5,Basic
sector 33 sohna,151,3.5,Basic
sector 88a,151,2.05,Premium
sector 95,151,1.61,Premium
sector 95b,151,0.65,Basic
sector 108,151,2.25,Premium
sector 108,151,2.08,Basic
sector 108,151,1.95,Basic
sector 33 sohna,151,2.69,Basic
sector 88a,151,1.89,Basic
sector 108,151,2.53,Standard
sector 88a,151,1.94,Premium
sector 33,151,0.6,Standard
sector 108,151,2.52,Premium
sector 102,151,2.7,Premium
sector 41,151,4.1,Premium
sector 62,151,3.43,Standard
sector 55,151,3.3,Premium
sector 108,151,2.6,Basic
sector 108,151,2.17,Standard
sector 70a,151,1.8,Premium
sector 88b,151,2.07,Premium
sector 88,151,2.16,Standard
sector 55,151,3.5,Standard
sector 56,151,3.55,Premium
sector 41,151,4.25,Premium
sector 28,151,4.25,Premium
sector 56,151,3.3,Standard
sector 102,151,2.6,Standard
sector 108,151,2.1,Standard
sector 89,151,1.93,Premium
sector 102,151,2.7,Premium
sector 65,151,3.6,Standard
sector 78,151,2.4,Premium
sector 108,151,2.18,Premium
sector 88b,151,1.96,Standard
sector 102,151,3.06,Premium
sector 102,151,2.97,Premium
sector 62,151,3.24,Premium
sector 55,151,3.3,Premium
sector 108,151,2.15,Premium
sector 102,151,2.91,Premium
sector 102,151,4.0,Premium
sector 108,151,2.26,Premium
sector 88a,151,2.0,Premium
sector 41,151,3.8,Premium
sector 33 sohna,151,2.81,Premium
sector 45,151,4.05,Premium
sector 41,151,3.59,Standard
sector 95,151,1.62,Premium
sector 41,151,3.51,Standard
sector 41,151,3.49,Standard
sector 65,151,4.48,Standard
sector 41,151,3.35,Standard
sector 41,151,4.2,Standard
sector 33 sohna,151,2.52,Premium
sector 108,151,2.12,Standard
sector 108,151,2.13,Standard
sector 70a,151,2.7,Premium
sector 83,151,2.34,Premium
sector 33 sohna,151,2.5,Premium
sector 70a,151,2.51,Premium
sector 57,151,3.6,Premium
sector 70a,151,2.16,Premium
sector 27,151,4.5,Premium
sector 41,151,4.2,Premium
sector 108,151,2.16,Premium
sector 70a,151,2.48,Premium
sector 33 sohna,151,2.49,Premium
sector 67a,152,2.58,Premium
sector 65,152,3.33,Premium
sector 52,152,2.55,Premium
sector 88a,152,2.09,Premium
sector 102,152,2.91,Premium
sector 89,153,2.15,Standard
sector 89,153,1.92,Premium
sector 89,153,1.78,Premium
sector 62,153,3.4,Premium
sector 89,153,1.83,Premium
sector 102,153,2.6,Premium
sector 83,153,2.29,Basic
sector 33 sohna,153,2.55,Premium
sector 57,154,3.25,Standard
sector 57,154,3.0,Standard
sector 11,155,0.35,Basic
sector 33 sohna,155,2.79,Premium
sector 33 sohna,155,2.77,Premium
sector 33 sohna,156,2.67,Basic
sector 88a,156,2.15,Premium
sector 33 sohna,158,2.84,Basic
sector 33 sohna,158,2.7,Premium
sector 70a,159,2.56,Premium
sector 33 sohna,159,2.94,Premium
sector 102,159,2.38,Premium
sector 55,159,3.35,Standard
sector 88a,159,2.18,Standard
sector 33 sohna,159,2.47,Premium
sector 70a,160,3.34,Premium
sector 108,161,2.16,Basic
sector 48,161,2.98,Premium
sector 108,161,2.4,Premium
sector 33 sohna,161,3.0,Premium
sector 33 sohna,161,2.9,Premium
sector 33 sohna,161,2.9,Premium
sector 33 sohna,161,2.9,Premium
sector 33 sohna,161,2.98,Premium
sector 47,161,4.3,Premium
sector 108,161,2.32,Premium
sector 52,162,3.4,Basic
sector 57,162,3.1,Standard
sector 2,163,1.17,Basic
sector 7,164,2.5,Basic
sector 57,164,4.4,Premium
sector 2,164,2.85,Basic
sector 57,165,3.6,Premium
sector 102,165,2.53,Premium
sector 102,165,2.76,Premium
sector 46,166,4.6,Basic
sector 47,166,4.25,Basic
sector 88a,166,2.38,Premium
sector 82a,166,2.38,Premium
sector 63,166,3.7,Premium
sector 88a,166,2.18,Premium
sector 2,167,1.2,Basic
sector 7,167,4.0,Basic
sector 30,167,0.28,Basic
sector 2,167,1.3,Basic
sector 2,167,1.2,Basic
sector 105,167,1.0,Basic
sector 89,167,2.5,Basic
sector 26,167,5.25,Basic
sector 2,167,1.0,Basic
sector 47,167,5.25,Basic
sector 33 sohna,167,0.37,Basic
sector 25,167,6.0,Basic
sector 88a,167,2.3,Premium
sector 88a,167,2.13,Premium
sector 17a,167,0.8,Standard
sector 17a,167,0.7,Standard
sector 88a,167,2.0,Premium
sector 47,167,4.6,Basic
sector 88a,167,2.28,Premium
sector 88a,167,2.2,Premium
sector 82,167,2.2,Standard
sector 102,167,2.6,Premium
sector 9a,167,2.65,Standard
sector 7,167,2.2,Standard
sector 88a,167,2.4,Standard
sector 88a,167,2.6,Standard
sector 47,167,4.5,Premium
sector 26,167,5.5,Premium
sector 89,167,2.4,Premium
sector 67a,167,0.34,Premium
sector 26,167,6.0,Premium
sector 45,167,3.8,Basic
sector 91,167,2.5,Premium
sector 110a,167,1.4,Basic
sector 66,167,0.21,Premium
sector 65,167,3.71,Premium
sector 26,167,5.0,Standard
sector 25,167,6.25,Standard
sector 26,167,5.85,Premium
sector 102,167,3.5,Premium
sohna road,168,0.76,Basic
sector 45,168,3.7,Premium
sector 46,170,4.05,Premium
sector 52,171,3.4,Basic
sector 46,171,4.19,Basic
sector 57,171,3.98,Basic
sector 42,171,4.99,Basic
sector 46,171,3.77,Basic
sector 28,171,5.1,Premium
sector 46,171,4.0,Premium
sector 2 sohna,171,1.39,Standard
sector 51,171,5.0,Standard
sector 45,171,3.67,Premium
sector 46,171,4.69,Standard
sector 51,171,3.88,Premium
sector 45,171,3.7,Premium
sector 52,171,3.47,Standard
sector 52,171,3.37,Standard
sector 57,171,3.47,Standard
sector 57,171,4.08,Standard
sector 43,171,4.15,Premium
sector 45,171,3.88,Premium
sector 45,171,3.9,Premium
sector 45,171,3.8,Basic
sector 46,171,4.2,Standard
sector 57,171,3.71,Premium
sector 38,171,3.25,Standard
sector 38,171,4.5,Standard
sector 46,171,4.0,Premium
sector 10,171,2.5,Premium
sector 89,171,2.04,Standard
sector 27,171,5.24,Premium
sector 9a,171,2.73,Premium
sector 9,171,2.7,Premium
sector 28,171,5.0,Premium
sector 9,171,2.86,Basic
sector 4,172,1.8,Premium
sector 52,174,3.64,Basic
sector 52,174,3.4,Premium
sector 52,174,3.53,Basic
sector 47,176,4.49,Basic
sector 12a,177,2.0,Basic
sector 67,178,0.56,Basic
sector 67,178,0.55,Basic
sector 11,180,3.25,Premium
sector 82,180,7.25,Basic
sector 108,180,2.15,Basic
sector 108,180,2.2,Premium
sector 43,180,4.5,Premium
sector 24,180,5.35,Standard
sector 108,180,2.6,Standard
sector 43,180,5.57,Premium
sector 47,180,4.15,Standard
sector 108,180,2.58,Standard
sector 108,180,2.55,Standard
sector 43,180,6.0,Basic
sector 43,180,5.1,Premium
sector 25,180,6.5,Premium
sector 38,180,3.5,Premium
sector 55,180,3.85,Standard
sector 25,180,6.0,Premium
sector 25,180,7.1,Premium
sector 108,180,2.95,Premium
sector 108,180,2.25,Premium
sector 43,180,5.5,Standard
sector 43,180,5.1,Premium
sector 43,180,5.5,Standard
sector 43,180,5.01,Standard
sector 43,180,5.07,Standard
sector 43,180,5.05,Standard
sector 43,180,5.53,Standard
sector 43,180,5.5,Premium
sector 43,180,5.4,Standard
sector 43,180,5.0,Standard
sector 43,180,6.5,Premium
sector 43,180,4.5,Premium
sector 108,180,2.47,Standard
sector 43,180,4.85,Standard
sector 9,180,2.75,Premium
sector 43,180,5.01,Standard
sector 108,180,2.06,Premium
sector 11,183,0.58,Basic
sector 52,184,3.8,Standard
sector 70a,184,3.3,Standard
sector 52,184,4.5,Premium
sector 7,184,2.6,Basic
sector 102,184,2.86,Premium
sector 88a,184,2.42,Premium
sector 2,186,3.0,Standard
sector 102,188,3.15,Basic
sector 102,188,3.15,Premium
sector 102,188,2.99,Standard
sector 102,188,3.05,Standard
sector 102,188,3.0,Premium
sector 102,188,3.38,Premium
sector 102,188,3.26,Premium
sector 102,188,3.48,Premium
sector 102,188,3.04,Premium
sector 102,188,3.25,Premium
sector 102,188,3.04,Premium
sector 102,188,3.71,Standard
sector 70a,190,2.91,Premium
sector 10,190,3.0,Basic
sector 63a,192,11.0,Basic
sector 43,192,6.4,Premium
sector 108,194,2.0,Premium
farukhnagar,196,0.38,Standard
sector 102,196,3.7,Premium
sector 99,197,3.78,Premium
sector 2,200,1.0,Basic
sector 50,201,5.35,Basic
sector 47,201,5.25,Standard
sector 49,201,5.05,Basic
sector 43,201,6.25,Basic
sector 89,201,2.15,Basic
sector 83,201,2.64,Basic
sector 41,201,5.7,Basic
sector 48,201,3.72,Premium
sector 60,201,4.44,Standard
sector 88,201,2.5,Premium
sector 55,201,10.8,Premium
sector 50,201,6.6,Standard
sector 89,201,2.4,Premium
sector 83,201,2.64,Premium
sector 83,201,3.24,Premium
sector 83,201,3.0,Premium
sector 48,201,3.5,Premium
sector 57,201,4.68,Basic
sector 48,201,3.5,Standard
sector 48,201,3.1,Premium
sector 47,201,5.64,Premium
sector 49,201,5.0,Premium
sector 88b,201,2.64,Premium
sector 88b,201,2.57,Premium
sector 88a,201,2.52,Premium
sector 41,201,6.25,Standard
sector 50,201,4.8,Premium
sector 102,201,2.88,Premium
sector 41,201,5.5,Premium
sector 57,201,4.65,Standard
sector 57,201,4.7,Standard
sector 57,201,4.6,Standard
sector 49,201,4.8,Premium
sector 83,201,3.13,Standard
sector 48,201,3.96,Basic
sector 73,201,5.04,Premium
sector 41,201,4.8,Premium
sector 41,201,5.55,Standard
sector 41,201,5.8,Standard
sector 41,201,5.51,Standard
sector 41,201,6.03,Standard
sector 41,201,5.85,Standard
sector 60,201,4.5,Premium
sector 60,201,4.08,Premium
sector 49,201,5.04,Premium
sector 91,201,2.95,Premium
sector 83,201,3.17,Premium
sector 83,201,3.24,Premium
sector 83,201,2.04,Premium
sector 83,201,2.52,Standard
sector 45,201,6.09,Premium
sector 55,201,9.96,Premium
sector 83,201,2.62,Premium
sector 83,201,2.47,Standard
sector 51,201,4.8,Premium
sector 83,201,3.0,Basic
sohna road,202,1.15,Premium
sector 33 sohna,202,3.59,Standard
sector 102,202,3.49,Premium
sector 33 sohna,203,4.01,Basic
sector 33 sohna,203,2.77,Standard
sector 43,204,6.25,Premium
sector 82,205,3.31,Basic
sector 9,207,1.4,Basic
sector 2,207,2.72,Basic
sector 102,207,4.46,Premium
sector 102,207,4.34,Premium
sector 102,207,3.96,Premium
sector 102,208,3.62,Standard
sector 33 sohna,209,3.75,Premium
sector 90,209,2.9,Premium
farukhnagar,209,0.4,Basic
sector 102,209,4.5,Standard
sector 2,209,1.7,Basic
sector 25,209,7.1,Basic
sector 33 sohna,209,3.79,Basic
sector 99,209,3.4,Basic
sector 49,209,5.0,Standard
sector 2,209,1.25,Basic
sector 102,209,3.89,Premium
sector 33 sohna,209,3.64,Premium
sector 102,209,3.88,Basic
sector 102,209,3.75,Premium
sector 25,209,6.65,Premium
sector 88a,209,2.5,Premium
sector 43,209,6.75,Basic
sector 33 sohna,209,3.6,Standard
sector 33 sohna,209,3.63,Premium
sector 33 sohna,209,3.75,Basic
sector 25,209,6.95,Basic
sector 33 sohna,209,3.69,Standard
sector 102,209,3.9,Premium
sector 73,209,5.38,Premium
sector 7,209,3.2,Premium
sector 88a,209,3.0,Premium
sector 33 sohna,209,3.7,Premium
sector 33 sohna,209,3.42,Premium
sector 33 sohna,209,3.5,Premium
sector 33 sohna,209,3.76,Premium
sector 33 sohna,209,3.52,Premium
sector 73,209,5.65,Basic
sector 102,209,3.5,Premium
sector 92,209,1.75,Premium
sector 33 sohna,209,3.75,Basic
sector 73,209,4.5,Premium
sector 70a,209,4.38,Premium
sector 102,209,3.75,Premium
sector 102,209,4.13,Premium
sector 102,209,4.0,Premium
sector 88a,209,2.5,Premium
sector 33 sohna,209,3.7,Premium
sector 102,209,4.0,Premium
sector 93,209,3.13,Standard
sector 73,209,5.5,Premium
sector 33 sohna,209,3.75,Premium
sector 91,209,3.1,Premium
sector 92,209,2.75,Premium
sector 14,209,4.63,Premium
sector 67,209,0.8,Basic
sector 88b,209,3.13,Standard
sector 88a,209,2.88,Premium
sector 102,209,3.45,Standard
sector 108,209,2.87,Standard
sector 91,209,3.13,Premium
sector 33 sohna,209,3.5,Standard
sector 37d,209,3.0,Premium
sector 7,209,3.25,Premium
sector 4,209,3.15,Premium
sector 4,209,3.25,Premium
sector 70a,209,2.45,Premium
sector 33 sohna,209,3.83,Premium
sector 67,209,4.0,Premium
sector 25,209,7.0,Premium
sector 102,209,4.37,Premium
sector 102,209,3.85,Premium
sector 102,209,4.11,Premium
sector 102,209,3.5,Premium
sector 4,209,3.05,Standard
sector 73,209,5.25,Premium
sector 33 sohna,209,3.85,Premium
sector 108,210,2.15,Basic
sector 25,210,6.5,Premium
sector 108,210,2.68,Standard
sector 108,210,2.96,Premium
sector 33 sohna,212,3.75,Standard
sector 99,212,3.91,Premium
sector 99,213,3.31,Premium
sector 33 sohna,213,4.2,Basic
sector 38,216,5.25,Basic
sector 99,216,4.38,Standard
sector 57,216,4.64,Standard
sector 99,216,3.48,Premium
sector 2,216,0.12,Basic
sector 2,217,1.5,Basic
sector 99,217,4.16,Standard
sector 88a,217,2.99,Premium
sector 50,217,4.47,Basic
sector 9a,218,3.45,Premium
sector 9,218,3.45,Premium
sector 9a,218,3.35,Premium
sector 88a,219,3.01,Premium
sector 99,219,3.93,Premium
sector 65,219,6.52,Premium
sector 65,219,6.5,Premium
sector 57,220,5.0,Basic
sector 38,220,4.5,Basic
sector 10,220,3.25,Basic
sector 57,220,4.6,Basic
sector 45,220,5.26,Basic
sector 51,220,3.25,Standard
sector 52,220,3.8,Premium
sector 57,220,4.87,Premium
sector 39,220,3.94,Premium
sector 38,220,4.1,Standard
sector 43,220,5.66,Premium
sector 57,220,4.61,Premium
sector 57,220,4.57,Premium
sector 45,220,4.69,Standard
sector 52,220,3.75,Premium
sector 51,220,4.75,Standard
sector 9,220,3.9,Premium
sector 46,220,4.48,Premium
sector 5,220,3.5,Standard
sector 50,220,4.2,Premium
sector 38,220,4.97,Premium
sector 51,220,5.0,Premium
sector 57,220,5.5,Premium
sector 57,220,4.47,Premium
sector 46,220,4.7,Basic
sector 38,220,4.16,Premium
sector 38,220,4.6,Premium
sector 46,220,5.92,Premium
sector 57,220,5.52,Standard
sector 57,220,5.65,Standard
sector 57,220,4.64,Standard
sector 46,220,5.92,Standard
sector 46,220,6.05,Standard
sector 43,220,5.26,Premium
sector 46,220,4.7,Premium
sector 108,220,3.29,Premium
sector 45,220,4.8,Basic
sector 38,220,4.59,Premium
sector 57,220,3.68,Standard
sector 45,220,4.45,Standard
sector 57,220,4.4,Standard
sector 60,220,4.75,Premium
sector 38,220,4.99,Premium
sector 46,220,5.78,Premium
sector 52,220,4.25,Basic
sector 43,220,5.6,Premium
sector 45,220,4.75,Premium
sector 51,220,4.75,Premium
sector 46,220,5.2,Premium
sector 38,220,4.73,Premium
sector 9,220,3.15,Standard
sector 45,220,4.21,Basic
sector 47,220,4.99,Premium
sector 57,220,4.75,Standard
sector 9,220,3.4,Premium
sector 52,220,4.25,Standard
sector 52,220,3.5,Standard
sector 52,220,4.5,Standard
sector 50,221,4.3,Premium
sector 50,221,4.6,Premium
sector 50,222,7.0,Basic
sector 51,222,4.1,Premium
sector 40,222,5.85,Premium
sector 50,222,4.24,Premium
sohna road,222,1.4,Premium
sector 57,222,6.0,Basic
sector 66,223,7.6,Standard
sector 60,223,5.1,Standard
sector 65,223,6.0,Standard
sector 63,223,5.1,Premium
sector 66,223,7.48,Premium
sector 66,223,8.01,Premium
sector 63,223,5.34,Standard
sector 50,223,4.4,Premium
sector 66,223,6.6,Premium
sector 65,223,6.41,Premium
sector 66,223,7.99,Standard
sector 65,223,5.74,Premium
sector 63,223,5.21,Standard
sector 65,223,6.15,Premium
sector 66,223,7.2,Standard
sector 33 sohna,223,3.75,Premium
sector 99,224,3.46,Premium
sector 63,224,5.09,Premium
sector 92,225,3.4,Basic
sector 108,225,3.3,Standard
sector 28,225,7.5,Standard
sector 91,225,3.0,Premium
sector 92,225,3.01,Premium
sector 108,225,3.28,Standard
sector 88a,226,2.92,Premium
sector 67a,226,3.65,Basic
sector 28,226,8.0,Basic
sector 43,226,7.2,Premium
sector 28,226,8.2,Premium
sector 88b,226,2.75,Premium
sector 2,226,4.55,Standard
sector 50,226,4.72,Premium
sector 26,226,7.0,Standard
sector 88a,226,2.79,Premium
sector 28,226,7.5,Premium
sector 50,226,4.35,Premium
sector 50,226,4.5,Premium
sector 28,226,6.9,Standard
sector 26,226,6.75,Standard
sector 88a,226,2.7,Premium
sector 28,226,8.0,Premium
sector 88b,226,2.83,Premium
sector 88a,226,2.73,Premium
sector 88a,226,3.1,Standard
sector 108,226,3.1,Premium
sector 26,226,6.45,Premium
sector 2,226,4.8,Standard
sector 26,226,8.25,Standard
sector 91,226,3.24,Premium
sector 67a,226,3.65,Premium
sector 91,226,3.3,Premium
sector 50,226,4.4,Standard
sector 91,226,3.24,Premium
sector 91,226,2.75,Premium
sector 28,226,7.25,Premium
sector 67a,226,3.64,Premium
sector 67a,226,3.75,Premium
sector 67a,226,3.51,Premium
sector 4,226,1.35,Standard
sector 9,227,3.12,Basic
sector 33 sohna,227,3.94,Premium
sector 89,227,2.58,Premium
farukhnagar,227,1.1,Premium
sector 67,227,4.08,Premium
sector 108,227,2.99,Premium
sector 49,230,6.18,Basic
sector 47,230,6.18,Basic
sector 56,230,4.49,Premium
sector 54,230,8.25,Standard
sector 41,230,5.76,Premium
sector 41,230,6.25,Standard
sector 45,231,4.97,Standard
sector 28,232,9.2,Basic
sector 15,234,5.25,Basic
sector 33 sohna,234,3.26,Basic
sector 57,234,5.05,Basic
sector 91,234,3.5,Standard
sector 55,234,4.5,Standard
sector 49,234,5.6,Premium
sector 99,234,4.5,Premium
sector 41,236,5.66,Standard
sector 57,237,4.4,Standard
sector 45,237,4.3,Standard
sector 70a,242,8.0,Basic
sector 70a,242,4.2,Premium
sector 70a,242,4.5,Premium
sector 33 sohna,244,4.47,Basic
sector 33 sohna,244,4.09,Premium
sector 99,247,4.28,Premium
sector 99,247,4.0,Premium
sector 99,247,4.01,Premium
sector 43,250,9.0,Basic
sector 2 sohna,250,2.09,Basic
sector 2 sohna,250,2.09,Standard
sector 2 sohna,250,2.1,Standard
sector 33 sohna,250,4.58,Premium
sector 33 sohna,250,4.0,Premium
sector 67,250,3.89,Premium
sector 57,250,5.54,Premium
sector 67a,250,4.04,Premium
sector 57,250,5.6,Standard
sector 91,250,3.6,Premium
sector 2 sohna,250,2.24,Premium
sector 2 sohna,250,2.25,Premium
sector 55,251,5.9,Basic
sector 12,251,2.75,Basic
sector 43,251,8.0,Basic
sector 105,251,1.2,Basic
sector 43,251,1.8,Basic
sector 33 sohna,251,4.5,Basic
sector 82a,251,4.95,Basic
sector 43,251,8.11,Basic
sector 26,251,8.0,Basic
sector 26,251,9.5,Basic
sector 25,251,8.51,Basic
sector 26,251,8.75,Basic
sector 43,251,8.15,Basic
sector 43,251,6.7,Basic
sector 43,251,8.25,Basic
sector 25,251,7.5,Basic
sector 25,251,8.5,Basic
sector 25,251,8.25,Basic
sector 43,251,7.05,Standard
sector 43,251,6.8,Standard
sector 57,251,5.55,Premium
sector 57,251,5.7,Standard
sector 26,251,8.2,Premium
sector 83,251,3.75,Premium
sector 57,251,5.0,Premium
sector 88b,251,3.3,Premium
sector 99,251,4.35,Premium
sector 43,251,6.87,Premium
sector 82a,251,2.55,Premium
sector 43,251,7.15,Standard
sector 43,251,7.1,Standard
sector 25,251,8.4,Premium
sector 43,251,7.9,Premium
sector 83,251,3.3,Premium
sector 60,251,5.5,Premium
sector 43,251,7.35,Standard
sector 57,251,4.9,Premium
sector 43,251,6.2,Standard
sector 55,251,5.7,Premium
sector 43,251,6.5,Basic
sector 43,251,8.0,Premium
sector 4,251,3.65,Standard
sector 37d,251,1.98,Premium
sector 11,251,0.24,Premium
sector 51,251,3.0,Premium
sector 88b,251,2.91,Premium
sector 88b,251,2.85,Premium
sector 57,251,6.45,Standard
sector 57,251,5.85,Standard
sector 43,251,7.5,Premium
sector 26,251,8.25,Premium
sector 25,251,8.3,Premium
sector 25,251,8.5,Premium
farukhnagar,251,0.49,Standard
sector 43,251,6.0,Premium
sector 33 sohna,251,4.2,Basic
sector 73,251,6.05,Premium
sector 25,251,9.75,Basic
sector 43,251,7.5,Standard
sector 43,251,8.55,Standard
sector 43,251,8.54,Standard
sector 43,251,7.54,Standard
sector 55,251,5.25,Standard
sector 88b,251,2.7,Premium
sector 91,251,3.9,Standard
sector 55,251,5.9,Premium
sector 83,251,3.72,Premium
sohna road,251,0.45,Premium
sector 83,251,3.45,Premium
sector 43,251,6.75,Premium
sector 33 sohna,251,4.2,Premium
sector 60,251,6.1,Premium
sector 102,251,4.4,Premium
sector 67,251,4.2,Premium
sector 55,251,6.11,Basic
sector 33 sohna,252,4.47,Premium
sector 88a,252,3.31,Premium
sector 99,252,4.35,Premium
sector 33 sohna,252,4.5,Premium
sector 57,253,5.5,Basic
sector 57,253,6.0,Basic
sector 102,253,3.39,Premium
sector 102,253,4.5,Premium
sector 102,253,4.39,Premium
sector 102,253,4.24,Premium
sector 99,253,4.81,Premium
sector 102,253,4.99,Premium
sector 102,253,6.06,Premium
sector 102,253,5.3,Premium
sector 51,253,6.96,Standard
sector 102,253,4.25,Premium
sohna road,254,1.25,Basic
sector 67,255,0.92,Basic
sector 2,257,1.5,Basic
sector 102,258,2.63,Premium
sector 70a,258,4.4,Premium
sector 25,260,8.8,Premium
sector 15,261,7.7,Standard
sector 99,261,4.12,Premium
sector 88b,261,2.8,Premium
sector 10a,263,3.92,Basic
sector 10a,263,3.75,Basic
sector 25,264,8.0,Basic
sector 28,264,9.48,Basic
sector 24,264,7.0,Basic
sector 24,264,5.25,Premium
sector 26,264,8.66,Premium
sector 25,264,8.85,Premium
sector 26,264,9.1,Premium
sector 108,264,3.48,Premium
sector 24,264,5.68,Standard
sector 25,264,9.5,Standard
sector 25,264,9.5,Standard
sector 24,264,6.0,Standard
sector 24,264,6.64,Standard
sector 25,264,8.5,Premium
sector 24,264,7.1,Standard
sector 55,265,5.1,Basic
sector 89,266,3.2,Premium
sector 22,268,2.45,Standard
sector 25,268,9.92,Basic
sector 88b,268,3.68,Premium
sector 88b,268,3.52,Premium
sector 102,272,4.55,Premium
sector 11,273,2.2,Basic
sector 67a,276,4.45,Premium
sector 99,276,4.45,Standard
sector 67a,276,3.63,Standard
sector 67a,276,4.46,Premium
sector 67,276,5.28,Premium
sector 23,276,5.1,Standard
sector 99,277,4.89,Premium
sector 67,278,1.33,Basic
sector 65,283,8.5,Standard
sector 63,284,5.27,Premium
sector 63,286,8.75,Premium
sector 52,286,4.79,Basic
sector 57,286,5.5,Basic
sector 52,286,4.8,Basic
sector 52,286,5.13,Basic
sector 9a,286,3.75,Basic
sector 30,286,6.8,Basic
sector 57,286,5.49,Basic
sector 45,286,6.5,Basic
sector 57,286,5.3,Basic
sector 46,286,5.13,Basic
sector 42,286,6.16,Premium
sector 46,286,9.23,Standard
sector 57,286,6.5,Basic
sector 9a,286,3.59,Standard
sector 39,286,4.65,Standard
sector 45,286,6.29,Standard
sector 38,286,4.79,Basic
sector 46,286,5.8,Standard
sector 63a,286,5.62,Standard
sector 39,286,5.4,Premium
sector 57,286,5.47,Standard
sector 38,286,4.48,Premium
sector 52,286,4.62,Premium
sector 51,286,7.8,Premium
sector 10a,286,4.12,Basic
sector 51,286,6.85,Premium
sector 46,286,8.5,Premium
sector 42,286,6.5,Premium
sector 46,286,6.5,Standard
sector 45,286,6.15,Standard
sector 45,286,6.5,Standard
sector 10a,286,4.45,Standard
sector 43,286,9.0,Basic
sector 46,286,5.47,Premium
sector 27,286,7.5,Premium
sector 63a,286,5.85,Basic
sector 23,286,5.4,Premium
sector 23,286,5.35,Premium
sector 56,286,7.18,Standard
sector 52,286,5.5,Standard
sector 45,286,6.15,Premium
sector 46,286,6.25,Premium
sector 21,286,5.5,Basic
sector 38,287,4.8,Standard
sector 38,288,4.99,Basic
sector 99,288,4.47,Premium
sector 57,290,4.85,Standard
sector 57,291,5.56,Basic
sector 91,291,4.12,Premium
sector 39,293,4.6,Standard
sector 10a,293,3.8,Premium
sector 70a,293,5.26,Premium
sector 91,293,4.76,Basic
sector 91,293,4.72,Basic
sector 67,293,4.79,Basic
sector 66,293,7.99,Standard
sector 91,293,4.1,Premium
sector 91,293,3.85,Premium
sector 83,293,3.23,Premium
sector 82,293,3.16,Standard
sector 65,293,8.4,Premium
sector 45,293,5.95,Premium
sector 91,293,4.0,Premium
sector 66,293,7.63,Premium
sector 83,293,3.29,Standard
sector 92,293,4.38,Standard
sector 33 sohna,293,5.25,Premium
sector 39,293,4.75,Premium
sector 83,293,4.03,Basic
sector 67,293,4.72,Premium
sector 67,293,5.95,Premium
sector 70a,293,5.5,Premium
sector 92,294,4.02,Premium
sector 99,296,4.6,Standard
sector 2,297,5.0,Premium
sector 2,297,4.75,Standard
sector 2,297,4.25,Standard
sector 28,299,12.5,Basic
sector 28,299,9.5,Premium
sector 47,299,8.0,Basic
sector 28,299,11.1,Premium
sector 28,299,8.75,Premium
sector 47,300,8.26,Premium
sector 108,300,3.41,Premium
sector 108,300,3.6,Premium
sector 41,300,8.0,Premium
sector 28,300,10.0,Standard
sector 108,300,3.85,Standard
sector 47,300,7.2,Standard
sector 108,300,3.45,Premium
sector 42,301,6.66,Basic
sector 28,301,9.1,Basic
sector 54,301,10.5,Basic
sector 49,301,7.2,Basic
sector 45,301,8.5,Basic
sector 28,301,10.0,Basic
sector 41,301,8.5,Basic
sector 41,301,7.8,Basic
sector 54,301,9.0,Basic
sector 54,301,8.75,Basic
sector 28,301,8.82,Basic
sector 48,301,6.1,Premium
sector 28,301,11.3,Premium
sector 42,301,6.84,Premium
sector 50,301,8.28,Premium
sector 28,301,9.2,Basic
sector 2,301,5.25,Basic
sector 31,301,6.5,Premium
sector 28,301,9.15,Premium
sector 2,301,4.4,Basic
sector 50,301,4.5,Premium
sector 54,301,8.0,Premium
sector 2,301,5.35,Standard
sector 41,301,6.5,Standard
sector 66,301,9.0,Premium
sector 2,301,5.21,Standard
sector 39,301,4.6,Premium
sector 50,301,11.25,Premium
sector 54,301,10.49,Basic
sector 49,301,5.94,Premium
sector 108,301,3.6,Premium
sector 45,301,9.0,Standard
sector 41,301,7.96,Standard
sector 41,301,8.46,Premium
sector 28,301,11.03,Standard
sector 60,301,6.15,Premium
sector 28,301,12.0,Premium
sector 47,301,7.38,Basic
sector 28,301,11.2,Basic
sector 45,301,8.25,Premium
sector 83,301,3.78,Premium
sector 108,301,4.14,Standard
sector 33 sohna,301,5.1,Premium
sector 41,301,9.0,Standard
sector 50,301,5.0,Premium
sector 2,302,5.25,Standard
sector 2,307,4.0,Premium
sector 82,307,5.5,Premium
sector 23,308,5.5,Basic
sector 39,309,5.5,Premium
sector 57,312,6.0,Basic
sector 2,314,5.0,Premium
sector 2,314,5.09,Standard
sector 2,314,5.65,Standard
sector 33 sohna,314,5.7,Premium
sector 46,318,6.08,Basic
sector 31,319,7.1,Premium
sector 7,323,4.24,Basic
pataudi,324,2.5,Standard
pataudi,324,2.5,Standard
sector 2,325,5.5,Standard
pataudi,325,1.9,Standard
sector 102,326,5.46,Standard
sector 108,329,3.94,Basic
sector 99,329,4.92,Standard
sector 99,329,5.35,Premium
sector 99,329,4.72,Premium
sector 24,330,9.0,Basic
sector 83,330,4.25,Standard
pataudi,331,0.4,Basic
sohna road,334,8.0,Premium
sector 15,334,3.4,Basic
sector 24,334,9.25,Basic
sector 88b,334,3.4,Premium
sector 33 sohna,334,2.2,Premium
sector 65,334,9.6,Premium
sector 88a,334,3.5,Premium
sector 25,334,11.6,Standard
sector 65,334,9.2,Premium
sector 2,334,1.4,Basic
sector 83,334,4.8,Standard
sector 83,334,4.2,Standard
sector 65,334,8.98,Premium
sector 88b,334,3.48,Premium
sector 25,334,10.55,Premium
sector 25,334,11.0,Premium
sector 52,334,4.1,Premium
sector 88b,334,3.6,Premium
sector 2,334,2.2,Standard
sector 33 sohna,334,5.55,Premium
sector 83,334,4.88,Premium
sector 108,334,4.08,Premium
sector 65,334,9.2,Standard
sector 7,334,6.6,Basic
sector 25,335,10.0,Basic
sector 108,335,4.2,Premium
sector 25,336,10.65,Basic
sector 25,336,11.0,Basic
sector 26,336,10.63,Premium
sector 26,336,10.25,Premium
sector 25,336,10.0,Standard
sector 25,336,12.66,Premium
sector 25,336,13.27,Premium
sector 24,336,9.0,Standard
sector 108,338,4.0,Basic
sector 33 sohna,341,6.53,Basic
sector 108,343,4.1,Premium
sector 102,344,6.19,Premium
sector 102,344,5.36,Premium
sector 91,346,4.25,Premium
sector 67,350,5.11,Premium
sector 67,350,6.69,Premium
sector 43,350,9.11,Basic
sector 43,350,9.75,Standard
sector 43,350,9.5,Premium
sector 67,350,5.3,Premium
sector 43,350,9.19,Premium
sector 43,350,9.25,Premium
sector 43,350,9.85,Premium
sector 49,353,8.0,Standard
sector 49,353,7.8,Standard
sector 33 sohna,355,6.11,Premium
sector 99,356,4.9,Standard
sector 99,356,5.5,Premium
sector 99,356,5.33,Premium
sector 99,356,5.96,Premium
sector 95,358,2.9,Premium
sector 51,364,8.05,Premium
sector 17,368,5.72,Premium
sector 99,369,6.61,Premium
sector 55,372,7.0,Premium
sector 99,376,6.6,Standard
sector 108,376,4.95,Standard
sector 47,381,10.26,Basic
sector 99,385,5.98,Premium
sector 2,388,1.7,Basic
sector 75,390,1.7,Basic
sector 99,390,5.2,Premium
sector 102,393,6.34,Premium
sector 102,393,6.55,Premium
sector 99,393,5.64,Premium
sector 22,399,2.0,Basic
sector 108,412,4.5,Premium
sector 38,413,6.27,Premium
sector 102,414,8.0,Premium
sector 102,414,7.0,Premium
sector 102,414,6.93,Premium
sector 102,414,6.43,Standard
sector 108,416,4.75,Standard
sohna road,418,0.65,Basic
sector 43,418,10.2,Basic
sector 25,418,13.25,Basic
sector 56,418,8.6,Basic
sector 54,418,16.5,Basic
sector 57,418,9.25,Standard
sector 55,418,8.75,Premium
sector 55,418,7.75,Premium
sector 92,418,5.0,Standard
sector 33,418,5.5,Premium
sector 46,418,6.5,Standard
sector 51,418,6.75,Standard
sector 65,418,8.9,Premium
sector 26,418,9.75,Premium
sector 67,418,6.5,Standard
sector 23,418,7.5,Premium
sector 9a,418,4.5,Standard
sector 89,418,4.0,Premium
sector 49,418,10.0,Premium
sector 26,418,16.0,Premium
sector 2,418,2.0,Basic
sector 33 sohna,418,7.5,Premium
sector 40,418,7.75,Standard
sector 73,418,9.0,Premium
sector 88b,418,4.15,Premium
sector 92,418,6.25,Premium
sector 26,418,13.0,Premium
sector 33,418,6.25,Standard
sector 25,418,12.0,Premium
sector 65,418,11.25,Basic
sector 27,418,10.5,Premium
sector 43,418,16.25,Standard
sector 45,418,10.5,Premium
sector 102,418,5.9,Premium
sector 67,418,7.25,Basic
sector 65,418,13.5,Standard
sector 21,418,5.25,Standard
sector 2,418,6.5,Premium
sector 2,418,7.5,Premium
sector 54,418,16.5,Premium
sector 55,418,9.5,Premium
sector 28,418,10.0,Standard
sector 41,418,11.75,Premium
sector 41,418,12.5,Standard
sector 45,418,8.5,Premium
sector 46,418,8.45,Premium
sector 46,418,10.5,Premium
sector 91,418,4.5,Premium
sector 91,418,5.0,Premium
sector 82,418,5.75,Standard
sector 91,418,5.25,Standard
sector 33 sohna,418,7.0,Premium
sector 108,418,5.0,Premium
sector 26,418,21.0,Standard
sector 49,418,9.0,Premium
sector 26,418,14.0,Premium
sector 15,420,10.79,Basic
sector 57,420,9.04,Basic
sector 57,420,9.55,Basic
sector 24,420,11.25,Basic
sector 46,420,7.75,Basic
sector 26,420,10.0,Basic
sector 28,420,14.0,Basic
sector 25,420,13.0,Basic
sector 25,420,13.75,Basic
sector 26,420,12.6,Basic
sector 46,420,8.1,Basic
sector 43,420,10.25,Basic
sector 28,420,12.45,Basic
sector 26,420,14.31,Basic
sector 26,420,11.8,Basic
sector 39,420,6.33,Premium
sector 42,420,9.54,Premium
sector 55,420,8.28,Premium
sector 26,420,28.0,Premium
sector 43,420,9.5,Standard
sector 25,420,15.0,Premium
sector 51,420,7.03,Premium
sector 42,420,8.38,Premium
sector 45,420,8.25,Premium
sector 65,420,11.15,Premium
sector 65,420,11.29,Premium
sector 38,420,6.02,Premium
sector 45,420,11.0,Premium
sector 41,420,14.15,Premium
sector 41,420,14.0,Premium
sector 52,420,7.49,Premium
sector 40,420,8.13,Premium
sector 46,420,7.4,Premium
sector 23,420,5.8,Standard
sector 51,420,11.8,Premium
sector 25,420,17.5,Premium
sector 25,420,14.0,Premium
sector 26,420,16.0,Premium
sector 57,420,9.0,Premium
sector 26,420,12.5,Premium
sector 41,420,11.5,Premium
sector 45,420,9.0,Premium
sector 48,420,8.53,Premium
sector 2,420,8.28,Premium
sector 24,420,12.0,Premium
sector 45,420,12.5,Standard
sector 9a,420,4.5,Standard
sector 15,420,12.0,Premium
sector 24,420,9.5,Premium
sector 24,420,10.54,Standard
sector 24,420,11.29,Standard
sector 48,420,8.53,Standard
sector 51,420,12.55,Standard
sector 26,420,12.5,Basic
sector 57,420,10.5,Standard
sector 55,420,7.45,Standard
sector 45,420,11.29,Premium
sector 9a,420,5.0,Premium
sector 46,420,10.6,Standard
sector 26,420,14.5,Basic
sector 24,420,11.25,Standard
sector 65,420,11.5,Premium
sector 91,420,6.28,Premium
sector 67,420,6.53,Premium
sector 67,420,6.78,Premium
sector 21,420,5.1,Standard
sector 23,420,5.65,Standard
sector 25,420,15.5,Premium
sector 56,420,7.5,Premium
sector 26,420,13.0,Premium
sector 65,421,9.05,Premium
sector 65,421,8.75,Premium
sector 65,421,8.95,Premium
sector 33 sohna,424,7.5,Premium
sector 24,426,8.14,Premium
sector 28,430,7.97,Premium
sector 28,430,9.25,Premium
sector 25,431,12.1,Basic
sector 38,434,6.85,Basic
sector 42,435,16.0,Basic
sector 30,435,3.67,Basic
sector 2,435,9.25,Basic
sector 2,435,6.49,Standard
sector 2,435,9.0,Standard
sector 2,435,7.65,Basic
sector 2,435,6.18,Standard
sector 2,435,6.3,Standard
sector 2,435,6.0,Basic
sector 2,435,6.65,Standard
sector 2,435,7.49,Premium
sector 2,435,7.5,Premium
sector 2,435,6.32,Standard
sector 2,435,6.35,Standard
sector 2,435,6.5,Standard
sector 2,435,7.12,Standard
sector 2,435,7.0,Premium
sector 2,435,5.5,Premium
sector 2,435,6.0,Premium
sector 2,435,6.9,Premium
sector 2,435,7.25,Standard
sector 2,435,6.24,Standard
sector 2,435,7.5,Basic
sector 2,435,7.25,Basic
sector 23,435,7.0,Standard
sector 2,435,7.3,Basic
sector 2,435,7.0,Standard
sector 30,439,4.46,Basic
sector 67,441,5.81,Premium
sector 2,446,6.0,Standard
manesar,450,4.5,Basic
sector 73,450,10.76,Basic
sector 73,450,9.95,Premium
sector 73,450,10.0,Premium
sector 26,450,16.0,Standard
sector 73,450,1.0,Premium
sector 73,450,10.76,Premium
sector 73,450,12.11,Premium
sector 73,450,9.4,Premium
sector 73,451,11.86,Basic
sector 26,452,13.0,Basic
sector 2,452,7.0,Premium
sector 108,460,7.15,Premium
sector 33 sohna,460,7.8,Basic
sector 4,460,4.5,Standard
sector 108,462,5.25,Premium
sector 49,466,7.35,Standard
sector 49,466,7.33,Standard
sector 25,468,13.2,Premium
sector 17,481,7.26,Premium
sector 108,490,5.3,Basic
sector 108,490,5.3,Premium
sector 108,490,5.2,Standard
sector 108,491,4.87,Basic
sector 26,500,17.5,Premium
sector 88a,502,6.0,Premium
farukhnagar,510,1.65,Standard
sector 73,511,11.6,Basic
sector 73,512,11.38,Basic
sector 99,512,6.12,Premium
sector 26,527,18.9,Premium
sector 99,539,7.09,Standard
sector 99,539,6.64,Standard
sector 99,539,7.42,Premium
sector 99,539,5.8,Premium
sector 99,539,6.45,Premium
sector 26,543,16.5,Basic
sector 50,554,11.6,Premium
sector 43,559,13.5,Premium
sector 91,564,6.75,Premium
sector 25,570,21.0,Basic
sector 25,570,22.0,Standard
sector 73,585,12.6,Standard
sector 108,585,6.3,Premium
sector 108,585,7.0,Premium
sector 73,585,14.5,Premium
sector 73,585,14.0,Premium
sector 73,585,12.6,Premium
sector 73,600,9.7,Basic
sector 49,613,10.0,Standard
sector 43,616,19.25,Premium
sector 108,627,6.4,Premium
sector 99,627,8.25,Premium
sector 108,627,6.75,Premium
sector 108,637,5.64,Standard
sector 50,644,12.7,Premium
sector 49,644,12.7,Premium
sector 49,645,12.7,Standard
sector 45,648,13.18,Standard
sector 45,661,10.0,Basic
sector 2,669,8.7,Standard
sector 2,669,8.8,Standard
sector 82a,669,8.0,Premium
sector 2,669,8.0,Premium
sector 2,669,10.0,Premium
sector 2,669,10.25,Standard
sector 43,673,35.0,Premium
sector 43,680,21.0,Basic
sector 43,680,19.75,Basic
sector 43,680,20.3,Premium
sector 43,688,24.0,Standard
sector 43,690,31.0,Premium
sector 43,691,20.0,Basic
sector 91,698,6.68,Premium
sector 57,700,12.5,Premium
sector 43,809,32.0,Basic
sector 43,809,25.0,Basic
sector 113,836,8.5,Basic
sector 2,836,7.5,Basic
sector 2,836,17.5,Basic
sector 49,836,17.5,Basic
sector 49,836,20.0,Basic
sector 47,836,18.0,Premium
sector 2,836,12.2,Standard
sector 2,836,3.0,Premium
sector 55,836,16.5,Basic
sector 26,836,30.0,Basic
sector 2,836,13.0,Standard
sector 83,836,8.0,Standard
sector 2,836,4.5,Basic
sector 67,836,11.0,Premium
sector 67,836,11.5,Premium
sector 26,836,37.0,Premium
sector 41,838,28.0,Premium
sector 2,841,4.53,Standard
sector 25,855,25.5,Basic
sector 26,855,25.51,Basic
sector 26,855,23.5,Basic
sector 26,855,25.5,Basic
sector 26,855,32.0,Premium
sector 47,885,19.0,Premium
sector 26,887,32.0,Premium
sector 47,890,21.28,Basic
sector 47,899,19.0,Premium
sector 25,910,30.75,Basic
sector 25,910,29.75,Basic
sector 99,920,2.2,Standard
sector 52,932,11.71,Premium
sector 2,1012,2.5,Standard
sector 12a,1129,1.12,Basic
sector 102,1138,12.93,Standard
sector 25,1208,34.0,Basic
sector 25,1208,31.0,Basic
sector 108,1254,1.3,Premium
sector 11,1463,5.25,Basic
sohna road,1672,2.0,Basic
sector 70,1672,3.6,Premium
sohna road,2090,2.5,Basic
sohna road,2174,2.45,Basic
manesar,3716,6.0,Basic
sidhrawali,4047,5.0,Basic
sohna road,4047,4.0,Basic
pataudi,4047,4.5,Standard
